<application>
  <component name="DBNavigator.Application.DatabaseDriverManager">
    <known-driver-classes>
      <library checksum="1298790591" path="C:\Users\Deepak\AppData\Roaming\JetBrains\IdeaIC2023.3\plugins\DBNavigator\lib\ext\bundled-jdbc-mysql" driver-classes="com.mysql.cj.jdbc.Driver,com.mysql.cj.jdbc.NonRegisteringDriver,com.mysql.jdbc.Driver" />
    </known-driver-classes>
  </component>
  <component name="DBNavigator.Application.FileTypeService">
    <original-file-types />
  </component>
  <component name="DBNavigator.Application.PluginConflictManager">
    <plugin-conflict-prompted value="false" />
    <file-types-claimed value="false" />
  </component>
  <component name="DBNavigator.Application.PluginStatusManager">
    <plugin-statuses>
      <status project="E:/Profsnl/Wrk1/DSA/DSA/DV_other_videos/springboot-mongodb-main/springboot-mongodb-main" dbn="PASSIVE" sql="MISSING" />
      <status project="//wsl.localhost/Ubuntu/home/deepak-dev-one/deepak-dev-one-ubuntu-files/GitTest/GitTest1" dbn="PASSIVE" sql="MISSING" />
      <status project="$USER_HOME$/Downloads/Compressed/springboot-transaction-demo" dbn="PASSIVE" sql="MISSING" />
      <status project="$USER_HOME$/Downloads/spring-data-jpa-course/spring-data-jpa-course" dbn="PASSIVE" sql="MISSING" />
      <status project="$USER_HOME$/My Drive/Intelij-workspaces/SBMongoNonReactive/SBMongoNonReactive" dbn="PASSIVE" sql="MISSING" />
      <status project="E:/Profsnl/Repositories/Repositories_m1_v1.0.0/GitHubRepos/GitHubRepos_m1_v1.0.0/GitHubDesktop/GitHubDesktop_m1_v1.0.0/work-DSA/DSA/LinkedLists" dbn="PASSIVE" sql="MISSING" />
      <status project="$USER_HOME$/My Drive/Intelij-workspaces/Sb-ReactiveJava-Fundamentals/Sb-ReactiveJava-Fundamentals" dbn="PASSIVE" sql="MISSING" />
      <status project="$USER_HOME$/OneDrive/Desktop/RoughWork/GitTest/GitTest1" dbn="PASSIVE" sql="MISSING" />
      <status project="E:/Profsnl/Repositories/Repositories_m1_v1.0.0/GitHubRepos/GitHubRepos_m1_v1.0.0/GitHubDesktop/Misc" dbn="PASSIVE" sql="MISSING" />
      <status project="DEFAULT" dbn="PASSIVE" sql="MISSING" />
      <status project="E:/Profsnl/Repositories/Repositories_m1_v1.0.0/GitHubRepos/GitHubRepos_m1_v1.0.0/GitHubDesktop/SpringDataJPa-3.0/github-vivid-vortex/SpringBootV3JpaDemo/SpringbootJpaDemo" dbn="PASSIVE" sql="MISSING" />
    </plugin-statuses>
  </component>
  <component name="DBNavigator.Application.Settings">
    <diagnostics>
      <developer-mode>
        <timeout value="10" />
        <enabled value="false" />
      </developer-mode>
      <debug-logging failsafe-errors="false" database-access="false" database-resource="false" />
      <database-lag enabled="false" connectivity="2000" querying="2000" fetching="500" />
      <miscellaneous dialog-sizing-reset="false" bulk-actions-enabled="false" background-disposer-disabled="false" timeout-handling-disabled="false" />
    </diagnostics>
    <client-id value="A977B61FC7CA4DCE9D74A2C6012BCFA6" />
  </component>
</application>