<application>
  <component name="FileTypeManager" version="19">
    <extensionMap>
      <mapping ext="plantuml" type="PlantUML file" />
      <removed_mapping ext="apk" approved="true" type="ARCHIVE" />
      <removed_mapping ext="ignore" approved="true" type="IgnoreLang file" />
      <removed_mapping ext="psd" approved="true" type="Image" />
      <removed_mapping pattern="application.yaml" approved="true" type="YAML" />
      <removed_mapping pattern="application.yml" approved="true" type="YAML" />
      <removed_mapping pattern="bootstrap.yaml" approved="true" type="YAML" />
      <removed_mapping pattern="bootstrap.yml" approved="true" type="YAML" />
    </extensionMap>
  </component>
</application>