<keymap version="1" name="Windows Proper Redo" parent="$default">
  <action id="$Redo">
    <keyboard-shortcut first-keystroke="shift ctrl z" />
    <keyboard-shortcut first-keystroke="shift alt back_space" />
    <keyboard-shortcut first-keystroke="ctrl y" />
  </action>
  <action id="ActivateDebugToolWindow">
    <keyboard-shortcut first-keystroke="alt 5" />
    <mouse-shortcut keystroke="control button3" />
  </action>
  <action id="CloseContent">
    <keyboard-shortcut first-keystroke="back_quote" />
  </action>
  <action id="EditorDeleteLine" />
  <action id="EditorDown">
    <keyboard-shortcut first-keystroke="down" />
    <keyboard-shortcut first-keystroke="alt d" />
  </action>
  <action id="EditorLeft">
    <keyboard-shortcut first-keystroke="left" />
    <keyboard-shortcut first-keystroke="alt a" />
  </action>
  <action id="EditorRight">
    <keyboard-shortcut first-keystroke="right" />
    <keyboard-shortcut first-keystroke="alt f" />
  </action>
  <action id="EditorUp">
    <keyboard-shortcut first-keystroke="up" />
    <keyboard-shortcut first-keystroke="alt e" />
  </action>
  <action id="cn.xr21.chat.gpt--1,864,491,879">
    <keyboard-shortcut first-keystroke="shift ctrl x" />
  </action>
  <action id="x.editor.action.group">
    <keyboard-shortcut first-keystroke="shift ctrl x" />
  </action>
</keymap>