time-of-completion,duration,label
2025-03-07-13-47,10,W1 main
2025-03-06-15-27,28,W1 main
2025-03-05-15-00,90,W1 main
2025-03-05-11-57,37,W1 main
2025-03-04-18-34,90,W1 main
2025-03-04-15-41,90,W1 main
2025-03-04-14-04,57,W1 main
2025-03-03-10-53,90,W1 main
2025-02-23-03-36,49,
2025-02-21-16-13,90,W1 main
2025-02-21-14-42,90,W1 main
2025-02-21-10-55,73,W1 main
2025-02-19-13-30,90,W1 main
2025-02-19-11-59,90,W1 main
2025-02-19-10-28,90,W1 main
2025-02-18-21-56,90,W1 main
2025-02-18-18-49,90,W1 main
2025-02-18-17-18,90,W1 main
2025-02-18-15-31,90,W1 main
2025-02-18-11-24,89,W1 main
2025-02-17-17-04,90,W1 main
2025-02-17-14-59,90,W1 main
2025-02-17-13-22,90,W1 main
2025-02-14-12-27,65,W1 main
2025-02-13-15-39,90,W1 main
2025-02-12-21-57,90,W1 main
2025-02-12-13-03,90,W1 main
2025-02-12-11-32,90,W1 main
2025-02-12-04-34,78,W1 main
2025-02-11-20-29,91,W1 main
2025-02-11-14-39,90,W1 main
2025-02-11-12-41,52,W1 Misc
2025-02-07-00-03,20,W1 main
2025-02-05-06-00,30,W1 main
2025-02-04-16-32,90,W1 main
2025-02-04-15-01,90,W1 main
2025-02-04-13-24,90,W1 main
2025-02-04-10-51,56,W1 main
2025-02-03-16-27,90,W1 main
2025-02-03-14-56,90,W1 main
2025-02-03-13-25,90,W1 main
2025-02-02-03-30,44,W1 main
2025-02-01-21-18,90,W1 main
2025-02-01-19-47,90,W1 main
2025-02-01-16-38,90,W1 main
2025-02-01-15-08,50,W1 main
2025-01-31-17-09,90,W1 main
2025-01-31-15-38,90,W1 main
2025-01-31-13-47,90,W1 main
2025-01-31-11-52,37,W1 main
2025-01-30-16-28,90,W1 main
2025-01-28-17-16,90,W1 main
2025-01-28-13-42,90,W1 main
2025-01-28-03-36,89,W1 main
2025-01-28-01-23,90,W1 main
2025-01-27-17-44,90,W1 main
2025-01-27-15-41,90,W1 main
2025-01-27-13-27,90,W1 main
2025-01-27-05-12,5,W1 main
2025-01-27-04-55,90,W1 main
2025-01-27-03-24,90,W1 main
2025-01-26-23-28,90,W1 main
2025-01-26-21-57,90,W1 main
2025-01-26-20-26,90,W1 main
2025-01-26-12-38,40,W1 main
2025-01-25-19-10,90,W1 main
2025-01-25-17-34,90,W1 main
2025-01-25-16-03,90,W1 main
2025-01-25-12-14,82,W1 main
2025-01-24-16-07,90,W1 main
2025-01-24-14-36,90,W1 main
2025-01-24-03-39,50,W1 main
2025-01-24-02-48,90,W1 main
2025-01-24-01-18,18,W1 main
2025-01-22-16-49,90,W1 main
2025-01-22-11-20,8,WCmn
2025-01-22-11-12,6,W1 main
2025-01-22-09-30,90,W1 main
2025-01-21-14-10,90,W1 main
2025-01-21-10-32,86,W1 main
2025-01-20-15-35,55,W1 main
2025-01-20-14-07,90,W1 main
2025-01-20-12-22,19,W1 Misc
2025-01-17-16-01,20,W1 Misc
2025-01-17-15-18,90,W1 Misc
2025-01-17-12-18,90,W1 Misc
2025-01-15-19-07,85,W1 main
2025-01-14-14-11,90,W1 main
2025-01-14-04-36,15,Ltg
2025-01-13-15-58,90,W1 main
2025-01-13-14-27,90,W1 main
2025-01-12-16-26,90,W1 main
2025-01-12-14-13,90,W1 main
2025-01-12-12-37,88,Ltg
2025-01-11-10-50,25,W1 main
2025-01-10-12-40,90,W1 main
2025-01-10-05-29,90,W1 main
2025-01-09-16-16,90,W1 Misc
2025-01-09-14-21,90,W1 Misc
2025-01-09-12-51,54,W1 main
2025-01-08-16-56,90,W1 main
2025-01-08-15-25,90,W1 main
2025-01-08-13-48,90,W1 main
2025-01-08-11-36,1,Ltg
2025-01-08-03-59,21,W1 main
2025-01-07-10-34,11,Ltg
2025-01-06-19-31,59,W1 main
2025-01-06-18-02,90,W1 main
2025-01-06-14-57,90,W1 main
2025-01-06-13-26,91,W1 main
2025-01-02-18-02,90,W1 main
2025-01-02-16-16,79,W1 main
2025-01-01-21-06,42,WCmn
2025-01-01-14-33,90,WCmn
2025-01-01-12-11,27,W1 main
2024-12-30-18-02,90,W1 main
2024-12-30-16-31,90,W1 main
2024-12-30-15-00,90,W1 main
2024-12-27-02-46,89,Ltg
2024-12-26-17-33,90,Ltg
2024-12-26-16-02,90,Ltg
2024-12-25-09-39,59,WCmn
2024-12-24-17-08,90,WCmn
2024-12-24-15-37,90,WCmn
2024-12-24-13-50,75,W1 main
2024-12-23-20-08,90,W1 main
2024-12-23-18-37,90,W1 main
2024-12-23-14-41,90,W1 main
2024-12-23-13-10,90,W1 main
2024-12-22-11-10,90,WCmn
2024-12-21-13-48,89,W1 main
2024-12-20-17-39,90,W1 main
2024-12-20-16-08,90,W1 main
2024-12-20-14-37,90,W1 main
2024-12-16-20-40,47,W1 main
2024-12-16-19-52,90,W1 main
2024-12-16-18-21,90,W1 main
2024-12-16-16-50,90,W1 main
2024-12-16-15-19,90,W1 main
2024-12-13-17-54,90,W1 main
2024-12-13-15-59,90,W1 main
2024-12-13-14-28,90,W1 main
2024-12-13-11-15,82,W1 main
2024-12-09-15-49,90,W1 main
2024-12-09-14-18,90,W1 main
2024-12-09-12-48,51,W1 main
2024-12-06-16-10,90,W1 main
2024-12-06-14-20,90,W1 main
2024-12-05-20-09,90,W1 main
2024-12-05-18-38,90,W1 main
2024-12-05-17-07,90,W1 main
2024-12-05-15-37,11,W1 main
2024-12-04-19-27,90,W1 main
2024-12-04-17-56,90,W1 main
2024-12-04-16-25,90,W1 main
2024-12-04-13-45,17,W1 main
2024-12-03-16-23,90,W1 main
2024-12-03-14-52,90,W1 main
2024-12-03-10-53,33,W1 main
2024-12-01-15-29,90,W1 main
2024-11-30-16-42,90,W1 main
2024-11-30-15-11,90,W1 main
2024-11-29-18-48,90,W1 main
2024-11-29-17-17,90,W1 main
2024-11-29-15-46,90,W1 main
2024-11-29-14-15,90,W1 main
2024-11-27-20-05,90,W1 main
2024-11-27-18-34,90,W1 main
2024-11-27-17-03,90,W1 main
2024-11-27-15-32,90,W1 main
2024-11-25-17-23,90,W1 main
2024-11-25-15-52,90,W1 main
2024-11-25-14-21,90,W1 main
2024-11-25-12-51,83,W1 main
2024-11-22-15-38,90,W1 main
2024-11-22-11-25,78,W1 main
2024-11-21-17-42,90,W1 main
2024-11-21-13-59,90,W1 main
2024-11-20-18-05,90,W1 main
2024-11-20-15-08,90,W1 main
2024-11-20-13-37,90,W1 main
2024-11-20-11-36,8,W1 main
2024-11-19-16-43,90,W1 main
2024-11-19-15-12,90,W1 main
2024-11-19-09-41,46,W1 main
2024-11-18-17-02,90,W1 main
2024-11-18-15-31,90,W1 main
2024-11-18-14-00,90,W1 main
2024-11-18-12-29,90,W1 main
2024-11-18-10-49,11,Ltg
2024-11-16-19-27,57,W1 main
2024-11-15-19-13,90,W1 main
2024-11-15-16-50,90,W1 main
2024-11-15-15-19,90,W1 main
2024-11-15-10-35,14,W1 main
2024-11-14-17-55,91,W1 main
2024-11-14-15-59,91,W1 main
2024-11-14-14-27,90,W1 main
2024-11-14-11-20,33,W1 main
2024-11-13-16-04,90,W1 main
2024-11-13-04-42,89,Ltg
2024-11-13-03-13,64,W1 main
2024-11-12-12-48,68,W1 main
2024-11-11-14-13,90,W1 main
2024-11-11-12-23,14,W1 main
2024-11-11-10-17,11,WCmn
2024-11-10-11-58,14,Ltg
2024-11-06-09-37,2,WCmn
2024-11-05-21-13,13,Ltg
2024-11-05-21-00,91,Ltg
2024-11-05-15-13,45,WCmn
2024-11-03-20-54,84,Ltg
2024-10-30-15-27,13,W1 main
2024-10-29-11-47,90,W1 main
2024-10-28-14-38,90,W1 main
2024-10-28-12-53,90,W1 main
2024-10-28-10-44,17,W1 main
2024-10-25-17-27,90,W1 main
2024-10-25-15-57,53,W1 main
2024-10-24-14-16,90,W1 main
2024-10-24-12-46,78,W1 main
2024-10-21-17-37,91,W1 main
2024-10-21-14-03,90,W1 main
2024-10-18-19-17,90,W1 main
2024-10-18-17-46,90,W1 main
2024-10-18-15-15,90,W1 main
2024-10-18-12-28,90,W1 main
2024-10-18-10-42,89,W1 main
2024-10-17-16-46,90,W1 main
2024-10-17-14-40,90,W1 main
2024-10-17-11-02,90,W1 main
2024-10-15-16-54,90,W1 main
2024-10-15-14-22,90,W1 main
2024-10-14-17-15,91,W1 main
2024-10-14-14-27,77,W1 main
2024-10-14-09-04,12,W1 main
2024-10-10-16-05,90,W1 main
2024-10-10-14-34,90,W1 main
2024-10-10-10-02,42,W1 main
2024-10-09-16-48,90,W1 main
2024-10-04-22-46,90,W1 main
2024-10-04-21-15,90,W1 main
2024-10-04-19-44,90,W1 main
2024-10-04-16-52,90,W1 main
2024-10-04-12-25,82,W1 main
2024-10-03-17-59,90,W1 main
2024-10-03-16-28,90,W1 main
2024-10-03-12-31,89,W1 main
2024-10-01-22-04,90,W1 main
2024-10-01-20-33,90,W1 main
2024-10-01-19-02,90,W1 main
2024-10-01-14-37,90,W1 main
2024-10-01-09-05,40,W1 main
2024-09-30-15-57,90,W1 main
2024-09-28-00-42,54,W1 main
2024-09-26-12-52,6,W1 main
2024-09-26-10-21,85,W1 main
2024-09-25-11-17,17,W1 main
2024-09-24-16-54,90,W1 main
2024-09-24-14-24,90,W1 main
2024-09-24-12-23,65,W1 main
2024-09-23-13-50,90,W1 main
2024-09-20-14-26,90,W1 main
2024-09-20-09-49,15,W1 main
2024-09-19-17-07,90,W1 main
2024-09-19-10-34,71,W1 main
2024-09-18-17-24,90,W1 main
2024-09-18-15-08,90,W1 main
2024-09-18-10-16,21,WCmn
2024-09-18-04-27,18,WCmn
2024-09-17-18-04,90,WCmn
2024-09-17-15-11,46,W1 main
2024-09-17-12-45,90,W1 main
2024-09-16-19-18,90,W1 main
2024-09-16-14-44,90,W1 main
2024-09-16-10-39,20,Ltg
2024-09-15-08-50,79,W1 main
2024-09-13-15-10,90,W1 main
2024-09-13-13-17,90,W1 main
2024-09-13-09-26,22,Ltg
2024-09-13-04-09,36,W1 main
2024-09-12-17-49,90,W1 main
2024-09-12-15-50,90,W1 main
2024-09-11-18-45,90,W1 main
2024-09-11-15-51,90,W1 main
2024-09-11-13-54,90,W1 main
2024-09-11-09-05,32,W1 main
2024-09-10-15-49,90,W1 main
2024-09-06-19-27,90,W1 main
2024-09-06-14-50,90,W1 main
2024-09-06-12-13,90,W1 main
2024-09-06-10-11,57,W1 main
2024-09-05-17-17,90,W1 main
2024-09-05-12-17,90,W1 main
2024-09-04-19-37,89,W1 main
2024-09-04-15-35,90,W1 main
2024-09-04-12-41,90,W1 main
2024-09-04-08-23,71,W1 main
2024-09-03-18-36,90,W1 main
2024-09-03-15-39,90,W1 main
2024-09-03-13-14,90,W1 main
2024-09-02-20-38,1,W1 main
2024-09-02-20-36,90,W1 main
2024-09-02-16-22,1,W1 main
2024-09-02-16-20,90,W1 main
2024-09-02-12-33,90,W1 main
2024-08-31-10-14,31,W1 main
2024-08-30-15-44,90,W1 main
2024-08-30-13-24,90,W1 main
2024-08-29-21-01,90,W1 main
2024-08-29-16-19,90,W1 main
2024-08-29-12-48,50,W1 main
2024-08-29-11-56,90,W1 main
2024-08-29-09-19,22,Ltg
2024-08-28-10-27,24,W1 main
2024-08-27-11-19,50,W1 main
2024-08-26-14-28,90,W1 main
2024-08-22-23-25,90,W1 main
2024-08-22-21-54,90,W1 main
2024-08-22-19-34,90,W1 main
2024-08-22-17-18,90,W1 main
2024-08-22-15-47,90,W1 main
2024-08-22-14-16,90,W1 main
2024-08-22-12-46,39,W1 main
2024-08-21-17-49,90,W1 main
2024-08-21-13-54,90,W1 main
2024-08-19-17-36,72,W1 main
2024-08-18-19-47,14,W1 main
2024-08-17-13-09,35,W1 main
2024-08-07-07-18,90,W1 main
2024-08-07-05-47,90,W1 main
2024-08-07-04-16,90,W1 main
2024-08-07-02-45,90,W1 main
2024-08-07-01-14,90,W1 main
2024-08-06-23-43,90,W1 main
2024-08-06-22-12,90,W1 main
2024-08-06-20-41,90,W1 main
2024-08-06-19-10,90,W1 main
2024-08-06-17-39,90,W1 main
2024-08-06-16-08,90,W1 main
2024-08-06-14-37,90,W1 main
2024-08-04-13-59,19,W1 main
2024-08-02-18-35,90,W1 main
2024-08-02-13-17,90,W1 main
2024-08-02-10-46,30,W1 main
2024-08-01-22-27,90,W1 main
2024-08-01-20-56,90,W1 main
2024-08-01-19-25,90,W1 main
2024-08-01-17-54,90,W1 main
2024-07-31-15-17,90,W1 main
2024-07-31-13-46,90,W1 main
2024-07-31-12-15,90,W1 main
2024-07-31-10-44,90,W1 main
2024-07-31-09-13,90,W1 main
2024-07-31-07-42,90,W1 main
2024-07-31-06-11,90,W1 main
2024-07-31-04-40,90,W1 main
2024-07-31-03-09,90,W1 main
2024-07-31-01-38,90,W1 main
2024-07-31-00-07,90,W1 main
2024-07-30-22-36,90,W1 main
2024-07-30-21-05,90,W1 main
2024-07-30-19-34,90,W1 main
2024-07-30-18-03,90,W1 main
2024-07-30-16-32,90,W1 main
2024-07-30-15-01,90,W1 main
2024-07-30-13-29,90,W1 main
2024-07-30-11-58,90,W1 main
2024-07-26-00-11,90,W1 main
2024-07-25-22-40,90,W1 main
2024-07-25-21-09,90,W1 main
2024-07-25-19-38,90,W1 main
2024-07-25-18-07,90,W1 main
2024-07-25-16-36,90,W1 main
2024-07-25-15-05,90,W1 main
2024-07-25-13-35,34,W1 main
2024-07-18-14-19,90,W1 main
2024-07-18-12-49,56,W1 main
2024-07-17-15-08,2,W1 main
2024-07-16-14-23,90,W1 main
2024-07-16-12-52,90,W1 main
2024-07-13-21-12,90,W1 main
2024-07-13-19-41,90,W1 main
2024-07-13-18-10,90,W1 main
2024-07-13-16-39,90,W1 main
2024-07-13-15-08,90,W1 main
2024-07-13-13-23,90,W1 main
2024-07-12-16-13,90,W1 main
2024-07-12-14-42,90,W1 main
2024-07-12-10-46,90,W1 main
2024-07-11-18-22,30,W1 main
2024-07-10-17-04,90,W1 main
2024-07-10-13-34,90,W1 main
2024-07-09-18-07,90,W1 main
2024-07-09-13-13,90,W1 main
2024-07-09-09-57,69,W1 main
2024-07-08-17-42,90,W1 main
2024-07-08-15-50,90,W1 main
2024-07-05-16-39,90,W1 main
2024-07-05-15-08,90,W1 main
2024-07-05-12-53,62,W1 main
2024-07-05-11-50,90,W1 main
2024-07-05-10-19,90,W1 main
2024-07-05-08-48,90,W1 main
2024-07-05-07-17,90,W1 main
2024-07-05-05-46,90,W1 main
2024-07-05-04-15,90,W1 main
2024-07-05-02-44,90,W1 main
2024-07-05-01-13,90,W1 main
2024-07-04-18-36,90,W1 main
2024-07-04-16-38,90,W1 main
2024-07-03-18-54,90,W1 main
2024-07-03-16-03,90,W1 main
2024-07-03-04-28,39,W1 main
2024-07-02-21-12,90,W1 main
2024-07-02-18-18,90,W1 main
2024-07-02-00-03,24,W1 main
2024-07-01-18-28,90,W1 main
2024-07-01-16-07,90,W1 main
2024-07-01-13-50,90,W1 main
2024-07-01-12-20,30,WCmn
2024-06-28-18-18,90,W1 main
2024-06-28-11-55,11,W1 main
2024-06-27-14-25,90,W1 main
2024-06-26-21-30,51,W1 main
2024-06-26-20-05,15,WCmn
2024-06-25-22-18,47,WCmn
2024-06-24-21-59,64,WCmn
2024-06-24-15-16,90,WCmn
2024-06-23-20-56,19,WCmn
2024-06-23-10-29,30,WCmn
2024-06-23-02-59,89,WCmn
2024-06-22-22-55,90,WCmn
2024-06-12-11-26,141,WCmn
2024-06-08-23-13,62,WCmn
2024-06-08-12-36,92,WCmn
2024-06-06-21-25,202,WCmn
2024-06-05-12-27,181,W1 main
2024-06-04-10-31,91,WCmn
2024-05-31-09-46,197,W1 main
2024-05-31-06-28,240,W1 main
2024-05-31-02-27,240,W1 main
2024-05-30-22-26,240,W1 main
2024-05-30-18-25,240,W1 main
2024-05-30-03-53,152,W1 main
2024-05-29-15-26,240,W1 main
2024-05-29-11-25,240,W1 main
2024-05-29-07-25,195,W1 main
2024-05-28-16-09,240,W1 main
2024-05-28-10-00,89,W1 main
2024-05-27-17-23,239,W1 main
2024-05-26-01-35,207,W1 main
2024-05-24-23-08,138,W1 main
2024-05-24-17-49,240,W1 main
2024-05-23-23-44,68,WCmn
2024-05-23-22-20,99,W1 main
2024-05-23-08-22,239,W1 main
2024-05-22-11-47,9,W1 Misc
2024-05-21-20-29,240,W1 main
2024-05-21-16-17,28,W1 main
2024-05-21-11-39,6,Ltg
2024-05-20-19-57,45,WCmn
2024-05-20-19-09,239,WCmn
2024-05-19-23-40,239,WCmn
2024-05-19-06-13,12,WCmn
2024-05-16-22-00,60,W1 main
2024-05-15-21-19,33,W1 main
2024-05-14-21-04,193,W1 main
2024-05-14-04-25,7,Ltg
2024-05-13-18-50,81,WCmn
2024-05-13-17-09,56,W1 main
2024-05-13-15-51,206,WCmn
2024-05-12-12-28,240,WCmn
2024-05-12-08-27,240,WCmn
2024-05-12-04-27,39,WCmn
2024-05-11-02-05,34,WCmn
2024-05-11-01-10,206,WCmn
2024-05-10-12-13,23,W1 main
2024-05-09-19-26,185,WCmn
2024-05-07-21-14,143,WCmn
2024-05-06-21-41,88,WCmn
2024-05-06-17-59,159,WCmn
2024-05-05-14-07,24,WCmn
2024-05-04-10-56,96,WCmn
2024-05-04-04-20,46,W1 main
2024-05-02-20-31,79,W1 main
2024-05-02-11-36,17,WCmn
2024-04-30-20-35,96,W1 main
2024-04-29-20-15,11,W1 main
2024-04-29-19-19,189,W1 main
2024-04-29-10-32,29,WCmn
2024-04-28-11-07,24,Ltg
2024-04-27-21-10,75,Ltg
2024-04-25-12-49,45,W1 main
2024-04-24-10-46,196,W1 main
2024-04-23-10-53,12,Ltg
2024-04-22-21-12,120,W1 main
2024-04-21-20-56,95,WCmn
2024-04-21-10-43,48,WCmn
2024-04-19-05-13,110,WCmn
2024-04-18-15-55,240,WCmn
2024-04-17-21-53,144,WCmn
2024-04-17-11-42,183,WCmn
2024-04-16-07-30,224,WCmn
2024-04-12-22-48,161,WCmn
2024-04-12-04-29,26,Ltg
2024-04-09-20-10,183,WCmn
2024-04-09-12-44,11,Ltg
2024-04-08-21-04,31,WCmn
2024-04-08-20-33,230,WCmn
2024-04-07-21-18,86,Ltg
2024-04-06-22-49,45,Ltg
2024-04-04-20-31,85,W1 main
2024-04-03-22-00,181,WCmn
2024-04-03-08-22,9,Ltg
2024-04-02-17-19,240,WCmn
2024-04-02-04-19,6,WCmn
2024-04-01-21-33,8,WCmn
2024-04-01-18-46,45,WCmn
2024-04-01-17-52,45,WCmn
2024-04-01-17-06,45,WCmn
2024-04-01-15-08,45,WCmn
2024-04-01-14-22,45,WCmn
2024-04-01-13-10,4,WCmn
2024-04-01-13-05,45,WCmn
2024-03-31-14-13,18,WCmn
2024-03-31-13-54,45,WCmn
2024-03-31-12-46,45,WCmn
2024-03-31-11-29,45,WCmn
2024-03-31-10-39,45,WCmn
2024-03-31-08-18,45,WCmn
2024-03-31-07-32,45,WCmn
2024-03-31-06-46,45,WCmn
2024-03-31-04-17,24,WCmn
2024-03-30-11-33,45,WCmn
2024-03-30-02-41,46,WCmn
2024-03-29-19-04,45,WCmn
2024-03-29-17-12,45,WCmn
2024-03-29-16-26,45,WCmn
2024-03-29-09-48,15,WCmn
2024-03-28-20-09,45,WCmn
2024-03-28-17-14,45,WCmn
2024-03-28-16-28,45,WCmn
2024-03-27-19-12,5,WCmn
2024-03-27-17-38,45,WCmn
2024-03-27-16-29,45,WCmn
2024-03-20-15-58,54,
2024-03-20-15-03,54,
2024-03-20-13-41,54,
2024-03-18-14-33,54,
2024-03-15-15-58,54,
2024-03-15-15-03,54,
2024-03-15-14-08,54,
2024-03-15-13-13,54,
2024-03-10-09-29,54,
2024-03-10-08-34,54,
2024-03-10-07-40,12,
2024-03-07-11-57,54,
2024-03-07-11-02,54,
2024-03-06-13-07,54,
2024-03-05-20-22,54,
2024-03-05-19-27,54,
2024-03-05-17-54,54,
2024-03-05-16-41,54,
2024-03-05-15-00,54,
2024-03-05-13-13,54,
2024-03-05-12-18,54,
2024-03-04-12-46,54,
2024-03-04-11-16,54,
2024-03-03-09-47,54,
2024-03-03-08-52,54,
2024-03-03-07-57,54,
2024-03-02-10-12,54,
2024-03-02-09-17,54,
2024-03-01-14-54,54,
2024-03-01-13-43,54,
2024-02-29-16-41,54,
2024-02-29-15-46,54,
2024-02-29-14-45,54,
2024-02-27-13-24,54,
2024-02-27-12-29,54,
2024-02-25-13-39,54,
2024-02-25-09-13,54,
2024-02-25-08-05,54,
2024-02-24-11-12,54,
2024-02-24-10-17,54,
2024-02-24-09-22,54,
2024-02-24-08-27,54,
2024-02-24-07-31,54,
2024-02-23-16-00,54,
2024-02-23-12-36,54,
2024-02-21-15-47,45,
2024-02-21-15-01,45,
2024-02-20-18-19,45,
2024-02-20-15-36,45,
2024-02-20-14-50,45,
2024-02-20-14-04,45,
2024-02-19-17-15,45,
2024-02-19-13-35,45,
2024-02-19-12-49,45,
2024-02-17-14-40,45,
2024-02-17-13-37,45,
2024-02-17-12-51,45,
2024-02-16-19-05,45,
2024-02-16-15-03,45,
2024-02-16-14-17,45,
2024-02-16-13-10,45,
2024-02-15-16-20,45,
2024-02-15-13-50,45,
2024-02-15-13-04,45,
2024-02-13-19-29,45,
2024-02-13-17-52,45,
2024-02-12-20-54,45,
2024-02-12-15-48,45,
2024-02-12-13-11,45,
2024-02-12-12-25,45,
2024-02-12-11-39,45,
2024-02-12-07-06,45,
2024-02-10-14-20,45,
2024-02-10-13-26,45,
2024-02-10-12-39,45,
2024-02-10-10-52,45,
2024-02-08-11-45,45,
2024-02-08-10-59,45,
2024-02-08-10-13,45,
2024-02-08-07-37,45,
2024-02-07-19-02,45,
2024-02-07-17-32,45,
2024-02-07-14-56,45,
2024-02-07-14-10,45,
2024-02-07-13-23,45,
2024-02-07-11-30,45,
2024-02-07-09-59,45,
2024-02-07-02-42,45,
2024-02-03-07-52,45,
2024-02-03-07-06,45,
2024-02-02-12-07,45,
2024-02-02-08-24,45,
2024-02-02-07-38,45,
2024-02-02-06-46,45,
2024-01-31-15-39,45,
2024-01-31-14-53,45,
2024-01-31-14-07,45,
2024-01-31-11-39,45,
2024-01-31-10-33,45,
2024-01-30-15-14,45,
2024-01-30-14-28,45,
2024-01-30-13-42,45,
2024-01-30-12-56,45,
2024-01-30-12-10,45,
2024-01-30-11-24,45,
2024-01-30-09-04,45,
2024-01-30-08-18,45,
2024-01-30-07-32,45,
2024-01-30-06-46,45,
2024-01-29-15-00,45,
2024-01-29-14-14,45,
2024-01-29-13-28,45,
2024-01-28-10-02,45,
2024-01-28-09-16,45,
2024-01-28-08-30,45,
2024-01-28-07-44,45,
2024-01-28-06-58,45,
2024-01-27-10-20,45,
2024-01-27-06-49,45,
2024-01-25-19-16,45,
2024-01-25-17-30,45,
2024-01-25-16-44,45,
2024-01-25-15-58,45,
2024-01-25-14-35,45,
2024-01-25-13-49,45,
2024-01-25-10-38,45,
2024-01-24-19-32,45,
2024-01-24-18-46,45,
2024-01-24-18-00,45,
2024-01-24-17-14,45,
2024-01-24-16-28,45,
2024-01-24-15-42,45,
2024-01-24-14-56,45,
2024-01-24-14-10,45,
2024-01-24-12-56,45,
2024-01-24-12-10,45,
2024-01-24-11-24,45,
2024-01-24-10-09,45,
2024-01-23-22-49,45,
2024-01-23-22-03,45,
2024-01-23-21-17,45,
2024-01-23-16-33,45,
2024-01-23-15-47,45,
2024-01-23-14-08,45,
2024-01-23-12-12,45,
2024-01-23-11-26,45,
2024-01-23-10-40,45,
2024-01-23-06-31,45,
2024-01-23-05-45,45,
2024-01-22-20-45,45,
2024-01-22-19-59,45,
2024-01-22-19-13,45,
2024-01-22-18-27,45,
2024-01-22-17-41,45,
2024-01-22-16-55,45,
2024-01-22-16-09,45,
2024-01-22-14-51,45,
2024-01-22-14-05,45,
2024-01-22-13-19,45,
2024-01-22-11-05,45,
2024-01-22-09-55,45,
2024-01-22-06-05,45,
2024-01-21-23-03,45,
2024-01-21-22-17,45,
2024-01-21-21-31,45,
2024-01-21-20-45,45,
2024-01-21-16-43,45,
2024-01-21-15-28,45,
2024-01-21-14-42,45,
2024-01-21-11-51,45,
2024-01-20-20-23,45,
2024-01-20-19-37,45,
2024-01-20-18-51,45,
2024-01-20-18-05,45,
2024-01-20-17-19,45,
2024-01-18-21-16,45,
2024-01-18-20-30,45,
2024-01-18-19-44,45,
2024-01-18-17-21,45,
2024-01-18-16-35,45,
2024-01-18-15-49,45,
2024-01-18-15-03,45,
2024-01-18-13-46,45,
2024-01-18-13-00,45,
2024-01-18-12-14,45,
2024-01-18-11-28,45,
2024-01-17-17-26,45,
2024-01-17-16-40,45,
2024-01-17-15-54,45,
2024-01-17-15-08,45,
2024-01-17-14-22,45,
2024-01-17-13-36,45,
2024-01-17-12-50,45,
2024-01-17-12-04,45,
2024-01-17-10-38,45,
2024-01-17-09-52,45,
2024-01-17-09-07,9,
2024-01-16-23-32,45,
2024-01-16-22-46,45,
2024-01-16-22-00,45,
2024-01-16-17-19,45,
2024-01-16-16-33,45,
2024-01-16-15-47,45,
2024-01-16-15-01,45,
2024-01-16-14-15,45,
2024-01-16-13-29,45,
2024-01-16-12-26,45,
2024-01-16-11-40,45,
2024-01-16-10-54,45,
2024-01-16-10-08,45,
2024-01-15-23-40,45,
2024-01-15-21-58,45,
2024-01-15-21-12,45,
2024-01-15-20-23,45,
2024-01-15-18-13,45,
2024-01-15-17-27,45,
2024-01-15-16-41,45,
2024-01-15-14-39,45,
2024-01-15-13-53,45,
2024-01-15-10-44,45,
2024-01-15-09-38,45,
2024-01-15-04-24,45,
2024-01-15-03-38,45,
2024-01-15-02-44,23,
2024-01-14-20-29,45,
2024-01-14-19-43,45,
2024-01-14-18-57,45,
2024-01-14-18-11,45,
2024-01-14-17-24,45,
2024-01-14-15-10,45,
2024-01-14-14-24,45,
2024-01-14-13-38,45,
2024-01-13-23-52,45,
2024-01-13-23-06,45,
2024-01-13-21-55,45,
2024-01-13-20-41,45,
2024-01-13-17-08,45,
2024-01-13-16-22,45,
2024-01-13-15-15,45,
2024-01-13-14-29,45,
2024-01-13-13-43,45,
2024-01-13-12-57,45,
2024-01-12-22-46,45,
2024-01-12-21-45,45,
2024-01-12-20-59,45,
2024-01-12-20-13,45,
2024-01-12-16-26,45,
2024-01-12-15-40,45,
2024-01-12-14-54,45,
2024-01-12-14-08,45,
2024-01-12-12-41,45,
2024-01-12-11-55,45,
2024-01-12-10-36,45,
2024-01-12-09-50,45,
2024-01-10-21-32,42,
2024-01-10-16-30,45,
2024-01-10-15-15,45,
2024-01-10-13-18,45,
